{
    "$schema": "https://schema.management.azure.com/schemas/2015-01-01/deploymentParameters.json#",
    "contentVersion": "1.0.0.0",
    "parameters": {
        "location": {
            "value": "westus3"
        },
        "networkInterfaceName": {
            "value": "vmsandbox389"
        },
        "networkSecurityGroupName": {
            "value": "VMSandbox-nsg"
        },
        "networkSecurityGroupRules": {
            "value": [
                {
                    "name": "SSH",
                    "properties": {
                        "priority": 300,
                        "protocol": "TCP",
                        "access": "Allow",
                        "direction": "Inbound",
                        "sourceAddressPrefix": "*",
                        "sourcePortRange": "*",
                        "destinationAddressPrefix": "*",
                        "destinationPortRange": "22"
                    }
                }
            ]
        },
        "subnetName": {
            "value": "default"
        },
        "virtualNetworkId": {
            "value": "/subscriptions/782c5c20-e1f5-4b1f-981c-ea3179aefb13/resourceGroups/ProjectVm_group/providers/Microsoft.Network/virtualNetworks/ProjectVm_group-vnet"
        },
        "publicIpAddressName": {
            "value": "VMSandbox-ip"
        },
        "publicIpAddressType": {
            "value": "Static"
        },
        "publicIpAddressSku": {
            "value": "Standard"
        },
        "pipDeleteOption": {
            "value": "Detach"
        },
        "virtualMachineName": {
            "value": "VMSandbox"
        },
        "virtualMachineComputerName": {
            "value": "VMSandbox"
        },
        "virtualMachineRG": {
            "value": "ProjectVm_group"
        },
        "osDiskType": {
            "value": "StandardSSD_LRS"
        },
        "osDiskDeleteOption": {
            "value": "Delete"
        },
        "virtualMachineSize": {
            "value": "Standard_D2s_v3"
        },
        "nicDeleteOption": {
            "value": "Detach"
        },
        "adminUsername": {
            "value": "azureuser"
        },
        "adminPassword": {
            "value": null
        }
    }
}