{
    "$schema": "https://schema.management.azure.com/schemas/2015-01-01/deploymentParameters.json#",
    "contentVersion": "1.0.0.0",
    "parameters": {
        "virtualMachines_VMSandbox_name": {
            "value": null
        },
        "networkInterfaces_vmsandbox389_name": {
            "value": null
        },
        "publicIPAddresses_ProjectVm_ip_name": {
            "value": null
        },
        "publicIPAddresses_VMSandbox_ip_name": {
            "value": null
        },
        "networkSecurityGroups_ProjectVm_nsg_name": {
            "value": null
        },
        "networkSecurityGroups_VMSandbox_nsg_name": {
            "value": null
        },
        "virtualNetworks_ProjectVm_group_vnet_name": {
            "value": null
        }
    }
}